date,nombre,variacion,signo
2025-10-30,Pep Chavarría,231.0,
2025-10-30,Azzedine Ounahi,220.0,
2025-10-30,Gerard Moreno,201.0,
2025-10-30,Santi Comesaña,197.0,
2025-10-30,Robin Le Normand,191.0,
2025-10-30,Abde Ezzalzouli,177.0,
2025-10-30,Pere Milla,170.0,
2025-10-30,Pol Lozano,163.0,
2025-10-30,Victor Muñoz,152.0,
2025-10-30,Etta Eyong,146.0,
2025-10-30,André Silva,139.0,
2025-10-30,Alberto Moleiro,138.0,
2025-10-30,Jesús Areso,138.0,
2025-10-30,Moi Gómez,137.0,
2025-10-30,Marc Casadó,135.0,
2025-10-30,Tajon Buchanan,134.0,
2025-10-30,Juan Foyth,134.0,
2025-10-30,Borja Mayoral,134.0,
2025-10-30,Jon Moncayola,133.0,
2025-10-30,Koke,129.0,
2025-10-30,Marcos Alonso,127.0,
2025-10-30,Éder Militão,125.0,
2025-10-30,Florian Lejeune,125.0,
2025-10-30,Aleix Febas,125.0,
2025-10-30,Jan Oblak,122.0,
2025-10-30,Odysseas Vlachodimos,122.0,
2025-10-30,Edu Expósito,121.0,
2025-10-30,Marc Bartra,120.0,
2025-10-30,Sofyan Amrabat,119.0,
2025-10-30,Eduardo Camavinga,119.0,
2025-10-30,Iñaki Peña,119.0,
2025-10-30,Pablo Maffeo,118.0,
2025-10-30,Ronald Araújo,117.0,
2025-10-30,Luis Milla,116.0,
2025-10-30,Fermín López,115.0,
2025-10-30,Aurélien Tchouaméni,114.0,
2025-10-30,Jon Gorrotxategi,114.0,
2025-10-30,Clemens Riedel,114.0,
2025-10-30,Giuliano Simeone,112.0,
2025-10-30,Marcus Rashford,110.0,
2025-10-30,Ionuț Radu,108.0,
2025-10-30,Rodrigo Mendoza,107.0,
2025-10-30,Wojciech Szczęsny,107.0,
2025-10-30,Mikel Oyarzabal,106.0,
2025-10-30,Jorge de Frutos,104.0,
2025-10-30,Leo Román,104.0,
2025-10-30,Marcos Llorente,103.0,
2025-10-30,Carlos Romero,99.0,
2025-10-30,Andrei Rațiu,99.0,
2025-10-30,Óscar Mingueza,98.0,
2025-10-30,Yuri Berchiche,97.0,
2025-10-30,Dani Parejo,97.0,
2025-10-30,Cucho Hernández,95.0,
2025-10-30,Adrián Liso,95.0,
2025-10-30,Johan Mojica,94.0,
2025-10-30,Antonio Raíllo,94.0,
2025-10-30,Dávid Hancko,90.0,
2025-10-30,Trent Alexander-Arnold,89.0,
2025-10-30,Lucas Boyé,89.0,
2025-10-30,Leandro Cabrera,87.0,
2025-10-30,Nahuel Tenaglia,87.0,
2025-10-30,Santiago Mouriño,87.0,
2025-10-30,Abel Bretones,86.0,
2025-10-30,Daniel Vivian,85.0,
2025-10-30,Mauro Arambarri,85.0,
2025-10-30,Daley Blind,84.0,
2025-10-30,Jude Bellingham,83.0,
2025-10-30,Rubén García,83.0,
2025-10-30,Carlos Álvarez,82.0,
2025-10-30,Dakonam Djené,82.0,
2025-10-30,Álvaro García,81.0,
2025-10-30,Mateo Joseph,81.0,
2025-10-30,Axel Witsel,81.0,
2025-10-30,Arda Güler,78.0,
2025-10-30,Viktor Tsygankov,78.0,
2025-10-30,Conor Gallagher,77.0,
2025-10-30,Manu Morlanes,76.0,
2025-10-30,Roony Bardghji,74.0,
2025-10-30,Ferran Torres,73.0,
2025-10-30,Victor Chust,72.0,
2025-10-30,Paulo Gazzaniga,69.0,
2025-10-30,Vitor Reis,69.0,
2025-10-30,Dean Huijsen,68.0,
2025-10-30,Ander Barrenetxea,67.0,
2025-10-30,Ferran Jutglà,67.0,
2025-10-30,Nobel Mendy,67.0,
2025-10-30,Oihan Sancet,66.0,
2025-10-30,Toni Martínez,66.0,
2025-10-30,Óscar Valentín,66.0,
2025-10-30,Jan Virgili,66.0,
2025-10-30,José Giménez,66.0,
2025-10-30,Haissem Hassan,64.0,
2025-10-30,Thiago Almada,64.0,
2025-10-30,Juan Iglesias,63.0,
2025-10-30,Eric García,62.0,
2025-10-30,Borja Iglesias,62.0,
2025-10-30,Vedat Muriqi,61.0,
2025-10-30,Iván Martín,60.0,
2025-10-30,Renato Veiga,59.0,
2025-10-30,Aymeric Laporte,58.0,
2025-10-30,Brais Méndez,58.0,
2025-10-30,David Soria,58.0,
2025-10-30,Salomón Rondón,58.0,
2025-10-30,Jon Martin,58.0,
2025-10-30,Giovani Lo Celso,57.0,
2025-10-30,Aarón Escandell,57.0,
2025-10-30,David Carmo,57.0,
2025-10-30,Pablo Fornals,54.0,
2025-10-30,Rubén Vargas,53.0,
2025-10-30,Julen Agirrezabala,53.0,
2025-10-30,Arnau Martínez,53.0,
2025-10-30,Ante Budimir,52.0,
2025-10-30,Mathew Ryan,52.0,
2025-10-30,Gorka Guruzeta,52.0,
2025-10-30,Martin Valjent,51.0,
2025-10-30,Kervin Arriaga,51.0,
2025-10-30,Víctor Parada,51.0,
2025-10-30,Goduine Koyalipou,50.0,
2025-10-30,Natan Souza,49.0,
2025-10-30,Domingos Duarte,49.0,
2025-10-30,Denis Suárez,49.0,
2025-10-30,Thierry Correia,48.0,
2025-10-30,Rubén Sánchez,48.0,
2025-10-30,Pablo Durán,47.0,
2025-10-30,Abdón Prats,47.0,
2025-10-30,Frenkie De Jong,46.0,
2025-10-30,Alex Baena,46.0,
2025-10-30,Roberto Fernández,46.0,
2025-10-30,Pedro Díaz,46.0,
2025-10-30,Rodrygo,45.0,
2025-10-30,Santiago Colombatto,45.0,
2025-10-30,José Ángel Carmona,44.0,
2025-10-30,Nemanja Gudelj,44.0,
2025-10-30,Jonny Otto,42.0,
2025-10-30,Samuel Costa,42.0,
2025-10-30,Kike García,42.0,
2025-10-30,Joel Roca,42.0,
2025-10-30,Alemão,42.0,
2025-10-30,Georges Mikautadze,41.0,
2025-10-30,Diego Rico,41.0,
2025-10-30,Charles Pickel,41.0,
2025-10-30,Nico González,40.0,
2025-10-30,Ricardo Rodríguez,40.0,
2025-10-30,Ovie Ejaria,40.0,
2025-10-30,Christian Stuani,38.0,
2025-10-30,Mikel Vesga,38.0,
2025-10-30,Pedro Bigas,37.0,
2025-10-30,Akor Adams,37.0,
2025-10-30,Unai Vencedor,37.0,
2025-10-30,Juanlu Sánchez,37.0,
2025-10-30,Thomas Lemar,37.0,
2025-10-30,Álvaro Carreras,36.0,
2025-10-30,Sergio Carreira,36.0,
2025-10-30,Federico Viñas,36.0,
2025-10-30,Abdul Mumin,36.0,
2025-10-30,Alejandro Balde,35.0,
2025-10-30,Alejandro Catena,35.0,
2025-10-30,Iker Muñoz,35.0,
2025-10-30,Lucas Torró,34.0,
2025-10-30,Bryan Gil,34.0,
2025-10-30,Sergio Gómez,33.0,
2025-10-30,Gonçalo Guedes,33.0,
2025-10-30,Kiko Femenía,33.0,
2025-10-30,Horațiu Moldovan,33.0,
2025-10-30,Davinchi,33.0,
2025-10-30,Ilaix Moriba,32.0,
2025-10-30,Beñat Turrientes,32.0,
2025-10-30,Raúl García de Haro,31.0,
2025-10-30,Nacho Vidal,31.0,
2025-10-30,Kike Barja,31.0,
2025-10-30,Orri Óskarsson,31.0,
2025-10-30,Lamine Yamal,30.0,
2025-10-30,Djibril Sow,30.0,
2025-10-30,Donny van de Beek,30.0,
2025-10-30,Manu Bueno,30.0,
2025-10-30,Yago Santiago,30.0,
2025-10-30,Fran González,30.0,
2025-10-30,Jon Aramburu,29.0,
2025-10-30,Youssef Enríquez,29.0,
2025-10-30,Pichu Cuéllar,29.0,
2025-10-30,Marc Roca,28.0,
2025-10-30,Fran Pérez,28.0,
2025-10-30,Pau Navarro,28.0,
2025-10-30,Raúl Fernández,27.0,
2025-10-30,Carlos Dominguez,27.0,
2025-10-30,Augusto Batalla,26.0,
2025-10-30,Matías Moreno,26.0,
2025-10-30,David Alaba,26.0,
2025-10-30,Pau Cubarsi,25.0,
2025-10-30,Alejandro Rego,25.0,
2025-10-30,David Costas,25.0,
2025-10-30,Unai Gómez,25.0,
2025-10-30,Vinícius Júnior,24.0,
2025-10-30,Julián Álvarez,23.0,
2025-10-30,Fede Redondo,23.0,
2025-10-30,Abel Ruiz,23.0,
2025-10-30,Pau Cabanes,23.0,
2025-10-30,Fede Valverde,22.0,
2025-10-30,Miguel Román,22.0,
2025-10-30,Aritz Elustondo,21.0,
2025-10-30,José Salinas,21.0,
2025-10-30,Dominik Livakovic,21.0,
2025-10-30,Cristian Portu,20.0,
2025-10-30,Ramón Terrats,20.0,
2025-10-30,Unai Simón,19.0,
2025-10-30,Diego Conde,19.0,
2025-10-30,Unai Marrero,19.0,
2025-10-30,Jozhua Vertrouwd,19.0,
2025-10-30,Álvaro Lemos,18.0,
2025-10-30,Kylian Mbappé,17.0,
2025-10-30,Filip Ugrinic,17.0,
2025-10-30,David López,17.0,
2025-10-30,Sergio Herrera,16.0,
2025-10-30,Ilyas Chaira,16.0,
2025-10-30,Antony Santos,15.0,
2025-10-30,Álvaro Núñez,15.0,
2025-10-30,Juanmi Jiménez,15.0,
2025-10-30,Urko Izeta,15.0,
2025-10-30,Jon Ander Olasagasti,14.0,
2025-10-30,Luka Sučić,14.0,
2025-10-30,Héctor Bellerín,12.0,
2025-10-30,Yeray Álvarez,12.0,
2025-10-30,Ángel Fortuño,11.0,
2025-10-30,Umar Sadiq,11.0,
2025-10-30,Johnny Cardoso,10.0,
2025-10-30,Víctor García,10.0,
2025-10-30,Stole Dimitrievski,10.0,
2025-10-30,Javi Muñoz,10.0,
2025-10-30,Toni Lato,9.0,
2025-10-30,Jofre Carreras,9.0,
2025-10-30,Juan Musso,9.0,
2025-10-30,Arkaitz Mariezkurrena,8.0,
2025-10-30,Carlos Martín,8.0,
2025-10-30,Javier López,8.0,
2025-10-30,Nicolas Pépé,7.0,
2025-10-30,Ayoze Pérez,7.0,
2025-10-30,Antoniu Roca,7.0,
2025-10-30,Fábio Cardoso,7.0,
2025-10-30,Germán Valera,6.0,
2025-10-30,Josán Fernández,6.0,
2025-10-30,Joan Jordan,6.0,
2025-10-30,Mikel Goti,6.0,
2025-10-30,Luca Koleosho,5.0,
2025-10-30,Logan Costa,5.0,
2025-10-30,Pablo Marín,4.0,
2025-10-30,Ali Houary,4.0,
2025-10-30,Adnan Januzaj,4.0,
2025-10-30,Thibaut Courtois,3.0,
2025-10-30,Alfonso Pedraza,3.0,
2025-10-30,Chidera Ejuke,3.0,
2025-10-30,Álex Sancris,3.0,
2025-10-30,Cédric Bakambu,3.0,
2025-10-30,Marc Bernal,2.0,
2025-10-30,Luka Ilic,2.0,
2025-10-30,André Almeida,2.0,
2025-10-30,Fran García,2.0,
2025-10-30,Nico Williams,1.0,
2025-10-30,Carles Aleñá,1.0,
2025-10-30,Lucas Bergström,1.0,
2025-10-30,Takuma Asano,1.0,
2025-10-30,Nelson Deossa,1.0,
2025-10-30,Lucien Agoumé,-200.0,
2025-10-30,Hugo Duro,-164.0,
2025-10-30,Javi Rueda,-160.0,
2025-10-30,Valentin Rosier,-148.0,
2025-10-30,Robert Navarro,-148.0,
2025-10-30,Andreas Christensen,-138.0,
2025-10-30,Manor Solomon,-137.0,
2025-10-30,Iñaki Williams,-136.0,
2025-10-30,Sergi Altimira,-130.0,
2025-10-30,Alexis Sánchez,-127.0,
2025-10-30,Alex Remiro,-127.0,
2025-10-30,Gerard Martín,-125.0,
2025-10-30,Batista Mendy,-119.0,
2025-10-30,Raúl Asencio,-119.0,
2025-10-30,Javi Guerra,-115.0,
2025-10-30,Hugo Álvarez,-106.0,
2025-10-30,Javi Puado,-106.0,
2025-10-30,César Azpilicueta,-104.0,
2025-10-30,Dani Carvajal,-104.0,
2025-10-30,Baptiste Santamaria,-103.0,
2025-10-30,Mouctar Diakhaby,-102.0,
2025-10-30,Iván Romero,-101.0,
2025-10-30,Matías Dituro,-97.0,
2025-10-30,Kike Salas,-94.0,
2025-10-30,Adrián de la Fuente,-90.0,
2025-10-30,Pathé Ciss,-90.0,
2025-10-30,Clément Lenglet,-89.0,
2025-10-30,Luis Rioja,-89.0,
2025-10-30,Sergi Darder,-87.0,
2025-10-30,Alexander Sørloth,-87.0,
2025-10-30,Arnaut Danjuma,-87.0,
2025-10-30,Dani Ceballos,-86.0,
2025-10-30,Takefusa Kubo,-86.0,
2025-10-30,Fernando Calero,-78.0,
2025-10-30,Leander Dendoncker,-78.0,
2025-10-30,Javi Galán,-77.0,
2025-10-30,Tyrhys Dolan,-75.0,
2025-10-30,Gavi,-74.0,
2025-10-30,Aitor Paredes,-74.0,
2025-10-30,Diego López,-71.0,
2025-10-30,Flavien Boyomo,-71.0,
2025-10-30,Ørjan Nyland,-70.0,
2025-10-30,Rodrigo Riquelme,-70.0,
2025-10-30,Duje Ćaleta-Car,-70.0,
2025-10-30,Álvaro Odriozola,-69.0,
2025-10-30,Jon Pacheco,-68.0,
2025-10-30,Pablo Barrios,-67.0,
2025-10-30,Maroan Sannadi,-66.0,
2025-10-30,Dani Olmo,-66.0,
2025-10-30,Facundo Garcés,-62.0,
2025-10-30,Omar El Hilali,-62.0,
2025-10-30,José Luis Gayà,-60.0,
2025-10-30,Antonio Sivera,-60.0,
2025-10-30,Matteo Ruggeri,-59.0,
2025-10-30,Mikel Jauregizar,-59.0,
2025-10-30,Jeremy Toljan,-58.0,
2025-10-30,Pablo Campos,-57.0,
2025-10-30,Unai López,-57.0,
2025-10-30,Gabriel Suazo,-57.0,
2025-10-30,Antonio Blanco,-55.0,
2025-10-30,Lucas Ahijado,-54.0,
2025-10-30,Oriol Rey,-54.0,
2025-10-30,Rafa Marín,-54.0,
2025-10-30,Dani Calvo,-53.0,
2025-10-30,Miguel Rubio,-52.0,
2025-10-30,Dani Raba,-52.0,
2025-10-30,Bryan Zaragoza,-51.0,
2025-10-30,Abdel Alhassane,-49.0,
2025-10-30,Jules Koundé,-49.0,
2025-10-30,Grady Diangana,-48.0,
2025-10-30,Brandon Domingues,-48.0,
2025-10-30,Abdel Abqar,-48.0,
2025-10-30,Yáser Asprilla,-48.0,
2025-10-30,Raphinha,-47.0,
2025-10-30,Dimitri Foulquier,-46.0,
2025-10-30,Pablo García,-46.0,
2025-10-30,Igor Zubeldia,-46.0,
2025-10-30,Willy Kambwala,-45.0,
2025-10-30,Álvaro Valles,-45.0,
2025-10-30,Arnau Tenas,-45.0,
2025-10-30,Hugo Sotelo,-45.0,
2025-10-30,Pablo Torre,-44.0,
2025-10-30,Vladyslav Vanat,-44.0,
2025-10-30,Andriy Lunin,-43.0,
2025-10-30,Eray Cömert,-43.0,
2025-10-30,Giacomo Raspadori,-43.0,
2025-10-30,Franco Cervi,-42.0,
2025-10-30,Valentín Gómez,-42.0,
2025-10-30,Williot Swedberg,-41.0,
2025-10-30,Aimar Oroz,-41.0,
2025-10-30,Iñigo Ruiz De Galarreta,-41.0,
2025-10-30,Pablo Ibáñez,-40.0,
2025-10-30,Carlos Vicente,-40.0,
2025-10-30,Isaac Romero,-39.0,
2025-10-30,Antoine Griezmann,-39.0,
2025-10-30,Lancinet Kourouma,-38.0,
2025-10-30,Santi Cazorla,-38.0,
2025-10-30,Thomas Partey,-38.0,
2025-10-30,Eric Bailly,-38.0,
2025-10-30,Pablo Martínez,-38.0,
2025-10-30,Álex Moreno,-38.0,
2025-10-30,Manu Sánchez,-38.0,
2025-10-30,Luiz Júnior,-38.0,
2025-10-30,Pepelu,-37.0,
2025-10-30,Carlos Espí,-36.0,
2025-10-30,Luiz Felipe,-36.0,
2025-10-30,Calebe Gonçalves,-35.0,
2025-10-30,Diego Llorente,-35.0,
2025-10-30,Carlos Soler,-35.0,
2025-10-30,Tani Oluwaseyi,-34.0,
2025-10-30,César Tárrega,-34.0,
2025-10-30,Diego Pampín,-33.0,
2025-10-30,Lander Pinillos,-32.0,
2025-10-30,Hugo Rincón,-32.0,
2025-10-30,Álex Berenguer,-32.0,
2025-10-30,Robert Lewandowski,-32.0,
2025-10-30,Jofre Torrents,-31.0,
2025-10-30,Oier Luengo,-31.0,
2025-10-30,Rafa Mir,-31.0,
2025-10-30,Isco,-31.0,
2025-10-30,Hector Fort,-30.0,
2025-10-30,Beñat Prados,-30.0,
2025-10-30,Martim Neto,-29.0,
2025-10-30,Mateu Morey,-29.0,
2025-10-30,Iker Benito,-29.0,
2025-10-30,Antonio Sánchez,-28.0,
2025-10-30,Íñigo Lekue,-28.0,
2025-10-30,Ezequiel Ávila,-28.0,
2025-10-30,Andrés Castrín,-28.0,
2025-10-30,Lucas Beltrán,-28.0,
2025-10-30,Gonzalo García,-28.0,
2025-10-30,Javier Rodríguez,-28.0,
2025-10-30,Junior Firpo,-27.0,
2025-10-30,Joan Garcia,-27.0,
2025-10-30,Javi Llabrés,-26.0,
2025-10-30,Álex Forés,-26.0,
2025-10-30,Urko González,-26.0,
2025-10-30,Unai Elgezabal,-26.0,
2025-10-30,Antonio Rüdiger,-25.0,
2025-10-30,Pacha Espino,-24.0,
2025-10-30,Yvan Neyou,-23.0,
2025-10-30,Samu Becerra,-22.0,
2025-10-30,Vladyslav Krapyvtsov,-22.0,
2025-10-30,Yoel Lago,-22.0,
2025-10-30,Dani Cárdenas,-22.0,
2025-10-30,Roger Brugué,-22.0,
2025-10-30,José Luis Morales,-22.0,
2025-10-30,Iago Aspas,-22.0,
2025-10-30,Marko Dmitrović,-22.0,
2025-10-30,Pape Gueye,-22.0,
2025-10-30,Ángel Ortiz,-21.0,
2025-10-30,Sergio Camello,-20.0,
2025-10-30,Jhon Solís,-20.0,
2025-10-30,Dani Rodríguez,-20.0,
2025-10-30,Marc Aguado,-20.0,
2025-10-30,Aitor Ruibal,-20.0,
2025-10-30,Josip Brekalo,-19.0,
2025-10-30,John Donald,-19.0,
2025-10-30,Coba da Costa,-19.0,
2025-10-30,Randy Nteka,-18.0,
2025-10-30,Joseph Aidoo,-18.0,
2025-10-30,Jesús Vázquez,-18.0,
2025-10-30,Andoni Gorosabel,-17.0,
2025-10-30,David Affengruber,-17.0,
2025-10-30,Jones El-Abdellaoui,-16.0,
2025-10-30,Isi Palazón,-16.0,
2025-10-30,David López,-15.0,
2025-10-30,Unai Egiluz,-15.0,
2025-10-30,Alan Matturro,-15.0,
2025-10-30,Abde Rebbach,-15.0,
2025-10-30,Álvaro Rodríguez,-14.0,
2025-10-30,Arsen Zakharyan,-13.0,
2025-10-30,José Copete,-13.0,
2025-10-30,Marcão,-13.0,
2025-10-30,Kwasi Sibo,-12.0,
2025-10-30,Adama Boiro,-12.0,
2025-10-30,Dro Fernández,-12.0,
2025-10-30,Pau López,-12.0,
2025-10-30,Sergi Cardona,-12.0,
2025-10-30,Pedri,-11.0,
2025-10-30,Tanguy Nianzou,-10.0,
2025-10-30,Mario Martín,-10.0,
2025-10-30,Franco Mastantuono,-10.0,
2025-10-30,Ter Stegen,-9.0,
2025-10-30,Juan Cruz,-9.0,
2025-10-30,Alejandro Iturbe,-9.0,
2025-10-30,Alberto Reina,-9.0,
2025-10-30,Brahim Díaz,-9.0,
2025-10-30,Léo Pétrot,-7.0,
2025-10-30,Sheraldo Becker,-7.0,
2025-10-30,Marc Pubill,-6.0,
2025-10-30,Aihen Muñoz,-6.0,
2025-10-30,Aitor Fernández,-6.0,
2025-10-30,Alberto Dadie,-6.0,
2025-10-30,Adrián San Miguel,-6.0,
2025-10-30,Damián Rodríguez,-5.0,
2025-10-30,Adrià Pedrosa,-4.0,
2025-10-30,Peque Fernández,-3.0,
2025-10-30,Carl Starfelt,-3.0,
2025-10-30,Alfon González,-3.0,
2025-10-30,Asier Osambela,-2.0,
2025-10-30,Iván Balliu,-2.0,
2025-10-30,Cristian Rivero,-2.0,
2025-10-30,Jiri Letacek,-1.0,
2025-10-30,Ilias Akhomach,-1.0,
2025-10-30,Nico Serrano,-1.0,
2025-10-30,Ferland Mendy,-1.0,
2025-10-30,Marash Kumbulla,-1.0,
2025-10-30,Yangel Herrera,-1.0,
2025-10-31,Gerard Moreno,208.0,
2025-10-31,Robin Le Normand,184.0,
2025-10-31,Abde Ezzalzouli,181.0,
2025-10-31,Pere Milla,171.0,
2025-10-31,Pol Lozano,156.0,
2025-10-31,Etta Eyong,145.0,
2025-10-31,Moi Gómez,141.0,
2025-10-31,Tajon Buchanan,140.0,
2025-10-31,Alberto Moleiro,137.0,
2025-10-31,Marc Casadó,136.0,
2025-10-31,André Silva,134.0,
2025-10-31,Jesús Areso,132.0,
2025-10-31,Borja Mayoral,131.0,
2025-10-31,Odysseas Vlachodimos,131.0,
2025-10-31,Juan Foyth,130.0,
2025-10-31,Koke,130.0,
2025-10-31,Marcos Alonso,124.0,
2025-10-31,Jon Moncayola,123.0,
2025-10-31,Jon Gorrotxategi,123.0,
2025-10-31,Edu Expósito,121.0,
2025-10-31,Éder Militão,120.0,
2025-10-31,Pablo Maffeo,120.0,
2025-10-31,Aleix Febas,118.0,
2025-10-31,Eduardo Camavinga,118.0,
2025-10-31,Clemens Riedel,118.0,
2025-10-31,Fermín López,116.0,
2025-10-31,Aurélien Tchouaméni,112.0,
2025-10-31,Marc Bartra,111.0,
2025-10-31,Giuliano Simeone,110.0,
2025-10-31,Ionuț Radu,110.0,
2025-10-31,Marcus Rashford,109.0,
2025-10-31,Jorge de Frutos,109.0,
2025-10-31,Ronald Araújo,109.0,
2025-10-31,Florian Lejeune,108.0,
2025-10-31,Azzedine Ounahi,106.0,
2025-10-31,Wojciech Szczęsny,106.0,
2025-10-31,Luis Milla,105.0,
2025-10-31,Pep Chavarría,99.0,
2025-10-31,Iñaki Peña,99.0,
2025-10-31,Victor Muñoz,98.0,
2025-10-31,Adrián Liso,98.0,
2025-10-31,Marcos Llorente,97.0,
2025-10-31,Cucho Hernández,96.0,
2025-10-31,Mikel Oyarzabal,96.0,
2025-10-31,Nahuel Tenaglia,96.0,
2025-10-31,Leo Román,96.0,
2025-10-31,Sofyan Amrabat,96.0,
2025-10-31,Carlos Romero,93.0,
2025-10-31,Lucas Boyé,92.0,
2025-10-31,Johan Mojica,89.0,
2025-10-31,Abel Bretones,89.0,
2025-10-31,Dávid Hancko,87.0,
2025-10-31,Jan Oblak,86.0,
2025-10-31,Conor Gallagher,84.0,
2025-10-31,Mateo Joseph,84.0,
2025-10-31,Antonio Raíllo,83.0,
2025-10-31,Santi Comesaña,83.0,
2025-10-31,Rodrigo Mendoza,83.0,
2025-10-31,Viktor Tsygankov,83.0,
2025-10-31,Dakonam Djené,83.0,
2025-10-31,Oihan Sancet,82.0,
2025-10-31,Axel Witsel,82.0,
2025-10-31,Leandro Cabrera,81.0,
2025-10-31,Santiago Mouriño,81.0,
2025-10-31,Dani Parejo,81.0,
2025-10-31,Roony Bardghji,81.0,
2025-10-31,Rubén García,81.0,
2025-10-31,Jude Bellingham,79.0,
2025-10-31,Andrei Rațiu,79.0,
2025-10-31,Yuri Berchiche,79.0,
2025-10-31,Trent Alexander-Arnold,78.0,
2025-10-31,Arda Güler,77.0,
2025-10-31,Daniel Vivian,77.0,
2025-10-31,Óscar Mingueza,76.0,
2025-10-31,Toni Martínez,76.0,
2025-10-31,Victor Chust,74.0,
2025-10-31,Mauro Arambarri,73.0,
2025-10-31,Vitor Reis,73.0,
2025-10-31,Nobel Mendy,72.0,
2025-10-31,Álvaro García,70.0,
2025-10-31,Renato Veiga,70.0,
2025-10-31,Ferran Torres,69.0,
2025-10-31,Carlos Álvarez,69.0,
2025-10-31,Ferran Jutglà,69.0,
2025-10-31,Jan Virgili,68.0,
2025-10-31,José Giménez,68.0,
2025-10-31,Óscar Valentín,67.0,
2025-10-31,Jon Martin,67.0,
2025-10-31,Vedat Muriqi,65.0,
2025-10-31,Roberto Fernández,65.0,
2025-10-31,Pablo Fornals,64.0,
2025-10-31,Haissem Hassan,64.0,
2025-10-31,Dean Huijsen,63.0,
2025-10-31,Johnny Cardoso,61.0,
2025-10-31,Iván Martín,60.0,
2025-10-31,Paulo Gazzaniga,59.0,
2025-10-31,Salomón Rondón,59.0,
2025-10-31,David Carmo,59.0,
2025-10-31,Ander Barrenetxea,57.0,
2025-10-31,Brais Méndez,56.0,
2025-10-31,Ricardo Rodríguez,56.0,
2025-10-31,Domingos Duarte,56.0,
2025-10-31,Goduine Koyalipou,56.0,
2025-10-31,Arnau Martínez,55.0,
2025-10-31,Ante Budimir,54.0,
2025-10-31,Juan Iglesias,54.0,
2025-10-31,Denis Suárez,54.0,
2025-10-31,Thiago Almada,53.0,
2025-10-31,Daley Blind,52.0,
2025-10-31,Kervin Arriaga,52.0,
2025-10-31,Frenkie De Jong,51.0,
2025-10-31,Ayoze Pérez,51.0,
2025-10-31,Gorka Guruzeta,51.0,
2025-10-31,Rubén Sánchez,51.0,
2025-10-31,Borja Iglesias,50.0,
2025-10-31,Rodrygo,49.0,
2025-10-31,Diego Rico,49.0,
2025-10-31,Gonçalo Guedes,48.0,
2025-10-31,Pablo Durán,48.0,
2025-10-31,Aarón Escandell,46.0,
2025-10-31,Georges Mikautadze,46.0,
2025-10-31,Natan Souza,46.0,
2025-10-31,Santiago Colombatto,46.0,
2025-10-31,Íñigo Lekue,46.0,
2025-10-31,Jon Guridi,46.0,
2025-10-31,Óscar Trejo,46.0,
2025-10-31,Mathew Ryan,45.0,
2025-10-31,Aymeric Laporte,44.0,
2025-10-31,José Ángel Carmona,43.0,
2025-10-31,Unai Vencedor,43.0,
2025-10-31,Joel Roca,43.0,
2025-10-31,Alemão,43.0,
2025-10-31,Federico Viñas,43.0,
2025-10-31,Lucas Torró,42.0,
2025-10-31,Nemanja Gudelj,42.0,
2025-10-31,Williot Swedberg,42.0,
2025-10-31,Alex Baena,41.0,
2025-10-31,Rubén Vargas,41.0,
2025-10-31,Ilyas Chaira,41.0,
2025-10-31,Thomas Lemar,41.0,
2025-10-31,Mawuli Mensah,41.0,
2025-10-31,Héctor Bellerín,40.0,
2025-10-31,Raúl García de Haro,40.0,
2025-10-31,Léo Pétrot,40.0,
2025-10-31,Juanlu Sánchez,39.0,
2025-10-31,Sergio Carreira,39.0,
2025-10-31,Christian Stuani,39.0,
2025-10-31,Eric García,38.0,
2025-10-31,Akor Adams,38.0,
2025-10-31,Javi Muñoz,38.0,
2025-10-31,Adrià Altimira,38.0,
2025-10-31,Hector Fort,38.0,
2025-10-31,Grady Diangana,38.0,
2025-10-31,Pedro Bigas,37.0,
2025-10-31,Youssef Enríquez,37.0,
2025-10-31,Manu Morlanes,37.0,
2025-10-31,Nacho Vidal,37.0,
2025-10-31,David Costas,37.0,
2025-10-31,Martin Valjent,36.0,
2025-10-31,Marc Domènech,36.0,
2025-10-31,Nico González,35.0,
2025-10-31,Samuel Costa,35.0,
2025-10-31,Chidera Ejuke,35.0,
2025-10-31,Ramón Martínez,35.0,
2025-10-31,Álvaro Carreras,34.0,
2025-10-31,Kiko Femenía,34.0,
2025-10-31,Yvan Neyou,34.0,
2025-10-31,Carles Aleñá,33.0,
2025-10-31,Jon Aramburu,33.0,
2025-10-31,Djibril Sow,32.0,
2025-10-31,Marc Roca,32.0,
2025-10-31,Alejandro Rego,32.0,
2025-10-31,Cristian Portu,32.0,
2025-10-31,David Soria,31.0,
2025-10-31,Jonny Otto,31.0,
2025-10-31,Matías Moreno,31.0,
2025-10-31,Fran Pérez,31.0,
2025-10-31,Bambo Diaby,31.0,
2025-10-31,Lucas Bergström,31.0,
2025-10-31,Vladyslav Krapyvtsov,31.0,
2025-10-31,Sergio Camello,30.0,
2025-10-31,Víctor Parada,29.0,
2025-10-31,Endrick,29.0,
2025-10-31,Bryan Gil,28.0,
2025-10-31,Antonio Sánchez,28.0,
2025-10-31,Jofre Carreras,27.0,
2025-10-31,Allan Nyom,27.0,
2025-10-31,Jofre Torrents,27.0,
2025-10-31,Marko Dmitrović,26.0,
2025-10-31,Ilaix Moriba,26.0,
2025-10-31,Largie Ramazani,26.0,
2025-10-31,Sergio Gómez,25.0,
2025-10-31,Omar Falah,25.0,
2025-10-31,Vinícius Júnior,24.0,
2025-10-31,Javier López,24.0,
2025-10-31,Omar Mascarell,24.0,
2025-10-31,Charles Pickel,23.0,
2025-10-31,Jhon Solís,22.0,
2025-10-31,David López,22.0,
2025-10-31,Lander Pinillos,22.0,
2025-10-31,Julián Álvarez,21.0,
2025-10-31,Giovani Lo Celso,21.0,
2025-10-31,Pedro Díaz,21.0,
2025-10-31,Marc Bernal,21.0,
2025-10-31,Umar Sadiq,21.0,
2025-10-31,Ángel Ortiz,21.0,
2025-10-31,Beñat Turrientes,20.0,
2025-10-31,Raúl Fernández,20.0,
2025-10-31,Marash Kumbulla,20.0,
2025-10-31,Nahuel Molina,20.0,
2025-10-31,Brandon Domingues,20.0,
2025-10-31,Adam Boayar,20.0,
2025-10-31,Kylian Mbappé,19.0,
2025-10-31,Julen Agirrezabala,19.0,
2025-10-31,Alejandro Iturbe,19.0,
2025-10-31,Ramón Terrats,19.0,
2025-10-31,Ezequiel Ávila,19.0,
2025-10-31,Jones El-Abdellaoui,18.0,
2025-10-31,Randy Nteka,17.0,
2025-10-31,Thierry Correia,16.0,
2025-10-31,Alfonso Pedraza,16.0,
2025-10-31,Víctor García,16.0,
2025-10-31,Dani Cárdenas,16.0,
2025-10-31,Marc Pubill,16.0,
2025-10-31,Lamine Yamal,14.0,
2025-10-31,Nico Williams,14.0,
2025-10-31,Pablo Marín,14.0,
2025-10-31,Aitor Fernández,14.0,
2025-10-31,Adnan Januzaj,13.0,
2025-10-31,Diego Conde,13.0,
2025-10-31,Ferland Mendy,13.0,
2025-10-31,Nikola Maraš,13.0,
2025-10-31,Marco Esteban,13.0,
2025-10-31,Dani Pérez,13.0,
2025-10-31,Abu Kamara,13.0,
2025-10-31,Fede Valverde,12.0,
2025-10-31,Kike García,12.0,
2025-10-31,Jon Ander Olasagasti,12.0,
2025-10-31,Takuma Asano,12.0,
2025-10-31,Augusto Batalla,11.0,
2025-10-31,Andoni Gorosabel,11.0,
2025-10-31,Ter Stegen,9.0,
2025-10-31,Mariano Díaz,9.0,
2025-10-31,Tanguy Nianzou,9.0,
2025-10-31,Kwasi Sibo,9.0,
2025-10-31,Antony Santos,8.0,
2025-10-31,Fábio Cardoso,8.0,
2025-10-31,Mikel Goti,8.0,
2025-10-31,Beñat Prados,8.0,
2025-10-31,Alberto Reina,7.0,
2025-10-31,Fran González,7.0,
2025-10-31,Joan Jordan,7.0,
2025-10-31,Nelson Deossa,7.0,
2025-10-31,Samu Becerra,7.0,
2025-10-31,Alfon González,6.0,
2025-10-31,Cédric Bakambu,6.0,
2025-10-31,Fran García,6.0,
2025-10-31,Brahim Díaz,5.0,
2025-10-31,Pau Cubarsi,4.0,
2025-10-31,Coba da Costa,4.0,
2025-10-31,Nico Serrano,4.0,
2025-10-31,Álvaro Núñez,3.0,
2025-10-31,Lancinet Kourouma,3.0,
2025-10-31,Iñigo Ruiz De Galarreta,2.0,
2025-10-31,Dro Fernández,2.0,
2025-10-31,Mihailo Ristić,2.0,
2025-10-31,Adrià Pedrosa,1.0,
2025-10-31,Juanmi Jiménez,1.0,
2025-10-31,Sheraldo Becker,1.0,
2025-10-31,Iván Romero,-224.0,
2025-10-31,Javi Rueda,-189.0,
2025-10-31,Lucien Agoumé,-189.0,
2025-10-31,Valentin Rosier,-138.0,
2025-10-31,Alex Remiro,-138.0,
2025-10-31,Iñaki Williams,-137.0,
2025-10-31,Andreas Christensen,-131.0,
2025-10-31,Sergi Altimira,-131.0,
2025-10-31,Manor Solomon,-130.0,
2025-10-31,Hugo Duro,-126.0,
2025-10-31,Dani Carvajal,-123.0,
2025-10-31,Alexis Sánchez,-123.0,
2025-10-31,Javi Puado,-123.0,
2025-10-31,Gerard Martín,-112.0,
2025-10-31,Robert Navarro,-112.0,
2025-10-31,Mouctar Diakhaby,-104.0,
2025-10-31,Batista Mendy,-101.0,
2025-10-31,Yangel Herrera,-100.0,
2025-10-31,Matías Dituro,-94.0,
2025-10-31,Kike Salas,-93.0,
2025-10-31,Baptiste Santamaria,-92.0,
2025-10-31,Dimitri Foulquier,-90.0,
2025-10-31,Raúl Asencio,-89.0,
2025-10-31,Takefusa Kubo,-88.0,
2025-10-31,Pablo Barrios,-88.0,
2025-10-31,Javi Guerra,-86.0,
2025-10-31,Hugo Álvarez,-80.0,
2025-10-31,Duje Ćaleta-Car,-80.0,
2025-10-31,Clément Lenglet,-79.0,
2025-10-31,Pathé Ciss,-76.0,
2025-10-31,Jon Pacheco,-73.0,
2025-10-31,Flavien Boyomo,-72.0,
2025-10-31,Alexander Sørloth,-72.0,
2025-10-31,Maroan Sannadi,-71.0,
2025-10-31,Gavi,-70.0,
2025-10-31,Luis Rioja,-68.0,
2025-10-31,Hugo Sotelo,-66.0,
2025-10-31,César Azpilicueta,-65.0,
2025-10-31,Gabriel Suazo,-65.0,
2025-10-31,Sergi Darder,-65.0,
2025-10-31,Fernando Calero,-63.0,
2025-10-31,Aitor Paredes,-63.0,
2025-10-31,Ørjan Nyland,-62.0,
2025-10-31,Adrián de la Fuente,-61.0,
2025-10-31,Dani Olmo,-61.0,
2025-10-31,Leander Dendoncker,-60.0,
2025-10-31,Facundo Garcés,-58.0,
2025-10-31,Rafa Marín,-58.0,
2025-10-31,Miguel Rubio,-56.0,
2025-10-31,Antonio Sivera,-56.0,
2025-10-31,Diego López,-55.0,
2025-10-31,Omar El Hilali,-55.0,
2025-10-31,David Affengruber,-55.0,
2025-10-31,Dani Raba,-53.0,
2025-10-31,Tyrhys Dolan,-53.0,
2025-10-31,Rafa Mir,-51.0,
2025-10-31,Donny van de Beek,-50.0,
2025-10-31,Pablo Campos,-49.0,
2025-10-31,Rodrigo Riquelme,-49.0,
2025-10-31,Sergio Herrera,-49.0,
2025-10-31,Jules Koundé,-49.0,
2025-10-31,Raphinha,-49.0,
2025-10-31,Matteo Ruggeri,-48.0,
2025-10-31,Arnau Tenas,-48.0,
2025-10-31,Luiz Júnior,-48.0,
2025-10-31,Miguel Román,-47.0,
2025-10-31,Oriol Rey,-47.0,
2025-10-31,Valentín Gómez,-47.0,
2025-10-31,José Luis Gayà,-46.0,
2025-10-31,Luiz Felipe,-45.0,
2025-10-31,Manu Bueno,-43.0,
2025-10-31,Antonio Blanco,-43.0,
2025-10-31,Yago Santiago,-42.0,
2025-10-31,Dani Calvo,-42.0,
2025-10-31,Álvaro Valles,-42.0,
2025-10-31,Pablo Ibáñez,-42.0,
2025-10-31,Isco,-42.0,
2025-10-31,Yáser Asprilla,-41.0,
2025-10-31,Martim Neto,-40.0,
2025-10-31,Junior Firpo,-40.0,
2025-10-31,Carlos Vicente,-40.0,
2025-10-31,Arkaitz Mariezkurrena,-38.0,
2025-10-31,Fede Redondo,-37.0,
2025-10-31,Álvaro Odriozola,-37.0,
2025-10-31,Lucas Ahijado,-37.0,
2025-10-31,Eric Bailly,-37.0,
2025-10-31,Javier Rodríguez,-36.0,
2025-10-31,Iker Muñoz,-35.0,
2025-10-31,Dani Ceballos,-35.0,
2025-10-31,Joan Garcia,-35.0,
2025-10-31,Bryan Zaragoza,-34.0,
2025-10-31,Unai Simón,-34.0,
2025-10-31,Davinchi,-33.0,
2025-10-31,Lucas Beltrán,-33.0,
2025-10-31,Abdel Alhassane,-33.0,
2025-10-31,Adrián San Miguel,-32.0,
2025-10-31,Cristian Rivero,-32.0,
2025-10-31,Pablo Torre,-32.0,
2025-10-31,Álex Berenguer,-32.0,
2025-10-31,Isaac Romero,-32.0,
2025-10-31,Álvaro Lemos,-31.0,
2025-10-31,Pablo García,-31.0,
2025-10-31,Thomas Partey,-31.0,
2025-10-31,Iago Aspas,-31.0,
2025-10-31,Alejandro Catena,-31.0,
2025-10-31,Santi Cazorla,-30.0,
2025-10-31,Mateu Morey,-30.0,
2025-10-31,Antoine Griezmann,-30.0,
2025-10-31,Robert Lewandowski,-30.0,
2025-10-31,Abdón Prats,-29.0,
2025-10-31,Pau Navarro,-29.0,
2025-10-31,Abde Rebbach,-29.0,
2025-10-31,Iker Benito,-29.0,
2025-10-31,Pape Gueye,-29.0,
2025-10-31,Pedri,-29.0,
2025-10-31,Luca Koleosho,-28.0,
2025-10-31,Iván Balliu,-28.0,
2025-10-31,Peque Fernández,-28.0,
2025-10-31,Diego Llorente,-28.0,
2025-10-31,Abdel Abqar,-28.0,
2025-10-31,Pablo Martínez,-28.0,
2025-10-31,Ali Houary,-27.0,
2025-10-31,Filip Ugrinic,-27.0,
2025-10-31,Alberto Dadie,-27.0,
2025-10-31,Jeremy Toljan,-26.0,
2025-10-31,Pepelu,-26.0,
2025-10-31,Abel Ruiz,-25.0,
2025-10-31,Antoniu Roca,-25.0,
2025-10-31,Vladyslav Vanat,-25.0,
2025-10-31,Urko Izeta,-24.0,
2025-10-31,Pau Cabanes,-23.0,
2025-10-31,Carlos Martín,-23.0,
2025-10-31,Dani Rodríguez,-23.0,
2025-10-31,Unai Gómez,-23.0,
2025-10-31,Giacomo Raspadori,-23.0,
2025-10-31,Urko González,-23.0,
2025-10-31,Antonio Rüdiger,-23.0,
2025-10-31,César Tárrega,-23.0,
2025-10-31,Calebe Gonçalves,-22.0,
2025-10-31,Aritz Elustondo,-21.0,
2025-10-31,Tani Oluwaseyi,-21.0,
2025-10-31,Abdul Mumin,-20.0,
2025-10-31,Unai López,-20.0,
2025-10-31,Jozhua Vertrouwd,-19.0,
2025-10-31,Alan Matturro,-19.0,
2025-10-31,Horațiu Moldovan,-19.0,
2025-10-31,Carlos Soler,-19.0,
2025-10-31,Yoel Lago,-18.0,
2025-10-31,Luka Sučić,-18.0,
2025-10-31,José Luis Morales,-18.0,
2025-10-31,Aimar Oroz,-18.0,
2025-10-31,David López,-17.0,
2025-10-31,Aitor Ruibal,-17.0,
2025-10-31,Arnaut Danjuma,-17.0,
2025-10-31,Unai Egiluz,-16.0,
2025-10-31,Pichu Cuéllar,-16.0,
2025-10-31,Roger Brugué,-16.0,
2025-10-31,José Copete,-16.0,
2025-10-31,Manu Sánchez,-16.0,
2025-10-31,Igor Zubeldia,-16.0,
2025-10-31,Mikel Jauregizar,-16.0,
2025-10-31,Damián Rodríguez,-15.0,
2025-10-31,Pacha Espino,-15.0,
2025-10-31,Marcão,-15.0,
2025-10-31,Gonzalo García,-14.0,
2025-10-31,Isi Palazón,-14.0,
2025-10-31,Alejandro Balde,-14.0,
2025-10-31,Unai Marrero,-13.0,
2025-10-31,Unai Elgezabal,-13.0,
2025-10-31,Andrés Castrín,-12.0,
2025-10-31,Sergi Cardona,-12.0,
2025-10-31,Ángel Fortuño,-11.0,
2025-10-31,Carlos Dominguez,-11.0,
2025-10-31,Kike Barja,-11.0,
2025-10-31,Álex Moreno,-11.0,
2025-10-31,Pau López,-11.0,
2025-10-31,Jesús Vázquez,-10.0,
2025-10-31,Stole Dimitrievski,-10.0,
2025-10-31,Ovie Ejaria,-10.0,
2025-10-31,Luka Ilic,-10.0,
2025-10-31,Álvaro Rodríguez,-10.0,
2025-10-31,Juan Musso,-9.0,
2025-10-31,Javi Galán,-9.0,
2025-10-31,Toni Lato,-9.0,
2025-10-31,Dominik Livakovic,-8.0,
2025-10-31,José Salinas,-8.0,
2025-10-31,Marc Aguado,-8.0,
2025-10-31,Franco Mastantuono,-8.0,
2025-10-31,Germán Valera,-7.0,
2025-10-31,Mikel Vesga,-6.0,
2025-10-31,Carl Starfelt,-6.0,
2025-10-31,Álex Forés,-5.0,
2025-10-31,Logan Costa,-5.0,
2025-10-31,Juan Cruz,-5.0,
2025-10-31,Eray Cömert,-4.0,
2025-10-31,Orri Óskarsson,-4.0,
2025-10-31,Arsen Zakharyan,-4.0,
2025-10-31,Manu Fernández,-3.0,
2025-10-31,Ander Guevara,-3.0,
2025-10-31,André Almeida,-3.0,
2025-10-31,David Alaba,-3.0,
2025-10-31,Hugo Rincón,-3.0,
2025-10-31,Álex Sancris,-2.0,
2025-10-31,Josip Brekalo,-1.0,
2025-10-31,John Donald,-1.0,
2025-10-31,Josán Fernández,-1.0,
2025-10-31,Mario Martín,-1.0,
2025-10-31,Nicolas Pépé,-1.0,
2025-11-01,Gerard Moreno,190.0,
2025-11-01,Abde Ezzalzouli,146.0,
2025-11-01,Odysseas Vlachodimos,137.0,
2025-11-01,Borja Mayoral,134.0,
2025-11-01,Ionuț Radu,129.0,
2025-11-01,Robin Le Normand,129.0,
2025-11-01,Pere Milla,128.0,
2025-11-01,Etta Eyong,123.0,
2025-11-01,Marc Casadó,121.0,
2025-11-01,Jesús Areso,117.0,
2025-11-01,Pol Lozano,117.0,
2025-11-01,Juan Foyth,112.0,
2025-11-01,Pablo Maffeo,107.0,
2025-11-01,Moi Gómez,106.0,
2025-11-01,Iñaki Peña,105.0,
2025-11-01,Ronald Araújo,104.0,
2025-11-01,Koke,104.0,
2025-11-01,Clemens Riedel,103.0,
2025-11-01,Wojciech Szczęsny,101.0,
2025-11-01,Jan Oblak,97.0,
2025-11-01,Aymeric Laporte,95.0,
2025-11-01,Alberto Moleiro,95.0,
2025-11-01,André Silva,94.0,
2025-11-01,Eduardo Camavinga,94.0,
2025-11-01,Tajon Buchanan,93.0,
2025-11-01,Jon Moncayola,93.0,
2025-11-01,Marcos Alonso,93.0,
2025-11-01,Azzedine Ounahi,93.0,
2025-11-01,Fermín López,91.0,
2025-11-01,Aleix Febas,89.0,
2025-11-01,Marc Bartra,89.0,
2025-11-01,Éder Militão,87.0,
2025-11-01,Edu Expósito,87.0,
2025-11-01,Jon Gorrotxategi,87.0,
2025-11-01,Luis Milla,85.0,
2025-11-01,Giuliano Simeone,82.0,
2025-11-01,Nahuel Tenaglia,77.0,
2025-11-01,Johnny Cardoso,77.0,
2025-11-01,Trent Alexander-Arnold,74.0,
2025-11-01,Sofyan Amrabat,72.0,
2025-11-01,Rodrigo Mendoza,72.0,
2025-11-01,Conor Gallagher,72.0,
2025-11-01,Florian Lejeune,71.0,
2025-11-01,Jorge de Frutos,70.0,
2025-11-01,Nobel Mendy,70.0,
2025-11-01,Marcus Rashford,69.0,
2025-11-01,Viktor Tsygankov,69.0,
2025-11-01,Aurélien Tchouaméni,66.0,
2025-11-01,Pep Chavarría,66.0,
2025-11-01,Lucas Boyé,64.0,
2025-11-01,José Giménez,64.0,
2025-11-01,Mauro Arambarri,63.0,
2025-11-01,Mikel Oyarzabal,62.0,
2025-11-01,Paulo Gazzaniga,61.0,
2025-11-01,Adrián Liso,61.0,
2025-11-01,Dani Parejo,61.0,
2025-11-01,Jan Virgili,61.0,
2025-11-01,Rubén García,60.0,
2025-11-01,Ferran Jutglà,59.0,
2025-11-01,Andrei Rațiu,58.0,
2025-11-01,Santiago Mouriño,57.0,
2025-11-01,Cucho Hernández,56.0,
2025-11-01,Carlos Romero,56.0,
2025-11-01,David Soria,56.0,
2025-11-01,Marcos Llorente,55.0,
2025-11-01,Antonio Raíllo,55.0,
2025-11-01,Mateo Joseph,55.0,
2025-11-01,Daniel Vivian,54.0,
2025-11-01,Santi Comesaña,53.0,
2025-11-01,Roony Bardghji,53.0,
2025-11-01,Dakonam Djené,53.0,
2025-11-01,Axel Witsel,52.0,
2025-11-01,Goduine Koyalipou,52.0,
2025-11-01,Aarón Escandell,51.0,
2025-11-01,Óscar Mingueza,51.0,
2025-11-01,Johan Mojica,51.0,
2025-11-01,Dávid Hancko,48.0,
2025-11-01,Abel Bretones,47.0,
2025-11-01,Vitor Reis,47.0,
2025-11-01,Arkaitz Mariezkurrena,47.0,
2025-11-01,Pau Cabanes,46.0,
2025-11-01,Jude Bellingham,45.0,
2025-11-01,Álvaro Lemos,45.0,
2025-11-01,Carlos Benavídez,45.0,
2025-11-01,Adrián San Miguel,44.0,
2025-11-01,Rubén Sánchez,43.0,
2025-11-01,Christian Stuani,43.0,
2025-11-01,Cristian Rivero,43.0,
2025-11-01,Andrés Castrín,43.0,
2025-11-01,Julen Agirrezabala,42.0,
2025-11-01,Victor Chust,42.0,
2025-11-01,Salomón Rondón,42.0,
2025-11-01,Luca Koleosho,41.0,
2025-11-01,Mathew Ryan,40.0,
2025-11-01,Lucas Bergström,40.0,
2025-11-01,Pablo Durán,39.0,
2025-11-01,Manu Fernández,39.0,
2025-11-01,Leandro Cabrera,38.0,
2025-11-01,Ricardo Rodríguez,38.0,
2025-11-01,Denis Suárez,38.0,
2025-11-01,Javi Llabrés,38.0,
2025-11-01,Yuri Berchiche,37.0,
2025-11-01,Renato Veiga,37.0,
2025-11-01,Iván Martín,36.0,
2025-11-01,Kervin Arriaga,36.0,
2025-11-01,Yeray Álvarez,36.0,
2025-11-01,Dani Rodríguez,36.0,
2025-11-01,Logan Costa,36.0,
2025-11-01,Juan Musso,36.0,
2025-11-01,Josip Brekalo,36.0,
2025-11-01,Óscar Valentín,35.0,
2025-11-01,Toni Lato,35.0,
2025-11-01,Carlos Álvarez,34.0,
2025-11-01,Juan Iglesias,34.0,
2025-11-01,Dani Pérez,34.0,
2025-11-01,Eray Cömert,34.0,
2025-11-01,Jiri Letacek,34.0,
2025-11-01,Álvaro García,33.0,
2025-11-01,Haissem Hassan,33.0,
2025-11-01,Thomas Lemar,33.0,
2025-11-01,Kwasi Sibo,33.0,
2025-11-01,Jon Karrikaburu,33.0,
2025-11-01,Dean Huijsen,32.0,
2025-11-01,David Carmo,32.0,
2025-11-01,Nemanja Gudelj,32.0,
2025-11-01,Ismael Bekhoucha,32.0,
2025-11-01,Arda Güler,31.0,
2025-11-01,Thiago Almada,31.0,
2025-11-01,Gonçalo Guedes,31.0,
2025-11-01,Santiago Colombatto,31.0,
2025-11-01,Domingos Duarte,31.0,
2025-11-01,Federico Viñas,31.0,
2025-11-01,Marco Esteban,31.0,
2025-11-01,Brais Méndez,30.0,
2025-11-01,Héctor Bellerín,29.0,
2025-11-01,Gorka Guruzeta,29.0,
2025-11-01,Joel Roca,29.0,
2025-11-01,Antoniu Roca,29.0,
2025-11-01,Diego Rico,28.0,
2025-11-01,Arnau Martínez,28.0,
2025-11-01,Mario Martín,28.0,
2025-11-01,Chidera Ejuke,28.0,
2025-11-01,Nico Serrano,28.0,
2025-11-01,Carles Aleñá,27.0,
2025-11-01,Andoni Gorosabel,27.0,
2025-11-01,Miguel Román,27.0,
2025-11-01,Pedro Bigas,26.0,
2025-11-01,Aitor Fernández,26.0,
2025-11-01,Alemão,25.0,
2025-11-01,Manu Morlanes,24.0,
2025-11-01,Jon Martin,24.0,
2025-11-01,Abdón Prats,24.0,
2025-11-01,Samu Becerra,24.0,
2025-11-01,John Donald,24.0,
2025-11-01,Toni Martínez,23.0,
2025-11-01,Ilyas Chaira,23.0,
2025-11-01,Kike Barja,23.0,
2025-11-01,Fran García,23.0,
2025-11-01,Franco Cervi,23.0,
2025-11-01,Alan Matturro,23.0,
2025-11-01,Natan Souza,22.0,
2025-11-01,Raúl García de Haro,22.0,
2025-11-01,Omar Falah,22.0,
2025-11-01,Manu Bueno,22.0,
2025-11-01,Marc Bernal,21.0,
2025-11-01,Fede Redondo,21.0,
2025-11-01,Willy Kambwala,20.0,
2025-11-01,José Ángel Carmona,19.0,
2025-11-01,Djibril Sow,19.0,
2025-11-01,Alex Padilla,19.0,
2025-11-01,Alejandro Rego,18.0,
2025-11-01,Sergio Carreira,18.0,
2025-11-01,Juan Carlos Martín,18.0,
2025-11-01,Iñigo Ruiz De Galarreta,17.0,
2025-11-01,Lucas Torró,17.0,
2025-11-01,Jon Aramburu,17.0,
2025-11-01,Kiko Femenía,17.0,
2025-11-01,Augusto Batalla,16.0,
2025-11-01,Joan Jordan,16.0,
2025-11-01,Jorge Herrando,16.0,
2025-11-01,Unai Egiluz,16.0,
2025-11-01,Rodrygo,15.0,
2025-11-01,Daley Blind,15.0,
2025-11-01,Brahim Díaz,15.0,
2025-11-01,Fran Pérez,15.0,
2025-11-01,Aihen Muñoz,15.0,
2025-11-01,Alejandro Francés,15.0,
2025-11-01,Borja Iglesias,14.0,
2025-11-01,Ander Barrenetxea,14.0,
2025-11-01,Roberto Fernández,14.0,
2025-11-01,Samuel Costa,14.0,
2025-11-01,Víctor Parada,14.0,
2025-11-01,Eric García,13.0,
2025-11-01,Ante Budimir,13.0,
2025-11-01,Unai Vencedor,13.0,
2025-11-01,Toni Fernández,13.0,
2025-11-01,Jonny Otto,12.0,
2025-11-01,Martin Valjent,12.0,
2025-11-01,Nacho Vidal,12.0,
2025-11-01,Pablo Fornals,11.0,
2025-11-01,Charles Pickel,11.0,
2025-11-01,Thiago Pitarch,11.0,
2025-11-01,Álvaro Carreras,9.0,
2025-11-01,Marc Roca,9.0,
2025-11-01,Youssef Enríquez,9.0,
2025-11-01,David Costas,9.0,
2025-11-01,Ali Houary,9.0,
2025-11-01,Vedat Muriqi,8.0,
2025-11-01,Pedro Díaz,8.0,
2025-11-01,Javier López,8.0,
2025-11-01,Alberto Dadie,8.0,
2025-11-01,Akor Adams,7.0,
2025-11-01,Juanlu Sánchez,7.0,
2025-11-01,Dro Fernández,7.0,
2025-11-01,Iker Muñoz,7.0,
2025-11-01,Frenkie De Jong,5.0,
2025-11-01,Alfon González,5.0,
2025-11-01,Gerard Gumbau,5.0,
2025-11-01,Ferran Torres,4.0,
2025-11-01,Rubén Vargas,4.0,
2025-11-01,Nico González,4.0,
2025-11-01,Adnan Januzaj,4.0,
2025-11-01,Oier Luengo,4.0,
2025-11-01,Alex Baena,3.0,
2025-11-01,Pablo Marín,3.0,
2025-11-01,Jofre Carreras,3.0,
2025-11-01,Abu Kamara,3.0,
2025-11-01,Kylian Mbappé,2.0,
2025-11-01,Bryan Gil,2.0,
2025-11-01,Horațiu Moldovan,2.0,
2025-11-01,Nelson Deossa,2.0,
2025-11-01,Ángel Fortuño,2.0,
2025-11-01,Carlos Martín,2.0,
2025-11-01,Giovani Lo Celso,1.0,
2025-11-01,Sergio Gómez,1.0,
2025-11-01,Matías Moreno,1.0,
2025-11-01,Adrià Pedrosa,1.0,
2025-11-01,Jozhua Vertrouwd,1.0,
2025-11-01,Dani Carvajal,-232.0,
2025-11-01,Iván Romero,-213.0,
2025-11-01,Javi Rueda,-201.0,
2025-11-01,Lucien Agoumé,-176.0,
2025-11-01,Iñaki Williams,-168.0,
2025-11-01,Javi Puado,-145.0,
2025-11-01,Hugo Duro,-139.0,
2025-11-01,Valentin Rosier,-134.0,
2025-11-01,Sergi Altimira,-134.0,
2025-11-01,Andreas Christensen,-127.0,
2025-11-01,Robert Navarro,-127.0,
2025-11-01,Javi Guerra,-127.0,
2025-11-01,Alexis Sánchez,-123.0,
2025-11-01,Yangel Herrera,-121.0,
2025-11-01,Manor Solomon,-121.0,
2025-11-01,Pathé Ciss,-121.0,
2025-11-01,Alejandro Catena,-121.0,
2025-11-01,Gerard Martín,-120.0,
2025-11-01,Duje Ćaleta-Car,-113.0,
2025-11-01,Mouctar Diakhaby,-112.0,
2025-11-01,David Affengruber,-109.0,
2025-11-01,Flavien Boyomo,-106.0,
2025-11-01,Alex Remiro,-105.0,
2025-11-01,Sergi Darder,-99.0,
2025-11-01,Kike Salas,-98.0,
2025-11-01,Hugo Álvarez,-97.0,
2025-11-01,Raúl Asencio,-97.0,
2025-11-01,Matías Dituro,-94.0,
2025-11-01,Unai López,-94.0,
2025-11-01,Arnaut Danjuma,-94.0,
2025-11-01,Igor Zubeldia,-93.0,
2025-11-01,Luis Rioja,-93.0,
2025-11-01,Tyrhys Dolan,-93.0,
2025-11-01,Alexander Sørloth,-91.0,
2025-11-01,Baptiste Santamaria,-89.0,
2025-11-01,Mikel Jauregizar,-89.0,
2025-11-01,Rafa Marín,-88.0,
2025-11-01,Pablo Barrios,-88.0,
2025-11-01,Rafa Mir,-87.0,
2025-11-01,Álvaro Valles,-86.0,
2025-11-01,Leander Dendoncker,-86.0,
2025-11-01,Hugo Sotelo,-85.0,
2025-11-01,Álex Moreno,-84.0,
2025-11-01,Isaac Romero,-84.0,
2025-11-01,Omar El Hilali,-82.0,
2025-11-01,Fernando Calero,-78.0,
2025-11-01,Batista Mendy,-77.0,
2025-11-01,Clément Lenglet,-76.0,
2025-11-01,Dani Calvo,-75.0,
2025-11-01,Diego López,-75.0,
2025-11-01,Adrián de la Fuente,-74.0,
2025-11-01,Maroan Sannadi,-73.0,
2025-11-01,Jon Pacheco,-72.0,
2025-11-01,Aitor Paredes,-71.0,
2025-11-01,Carlos Vicente,-71.0,
2025-11-01,Dimitri Foulquier,-70.0,
2025-11-01,Antonio Blanco,-69.0,
2025-11-01,Gabriel Suazo,-69.0,
2025-11-01,Antoine Griezmann,-69.0,
2025-11-01,Takefusa Kubo,-69.0,
2025-11-01,Iago Aspas,-68.0,
2025-11-01,Pepelu,-67.0,
2025-11-01,Pablo Martínez,-64.0,
2025-11-01,Pablo Ibáñez,-64.0,
2025-11-01,Dani Ceballos,-64.0,
2025-11-01,Jeremy Toljan,-64.0,
2025-11-01,Manu Sánchez,-63.0,
2025-11-01,Álex Berenguer,-63.0,
2025-11-01,Gavi,-62.0,
2025-11-01,José Luis Gayà,-62.0,
2025-11-01,Vladyslav Vanat,-61.0,
2025-11-01,Sergio Herrera,-61.0,
2025-11-01,Alejandro Balde,-61.0,
2025-11-01,Germán Valera,-61.0,
2025-11-01,Ørjan Nyland,-59.0,
2025-11-01,Oriol Rey,-59.0,
2025-11-01,Miguel Rubio,-58.0,
2025-11-01,Pablo Torre,-58.0,
2025-11-01,Mateu Morey,-57.0,
2025-11-01,Facundo Garcés,-57.0,
2025-11-01,Pape Gueye,-55.0,
2025-11-01,Luiz Júnior,-54.0,
2025-11-01,Isi Palazón,-54.0,
2025-11-01,Dani Olmo,-54.0,
2025-11-01,Jules Koundé,-54.0,
2025-11-01,Bryan Zaragoza,-53.0,
2025-11-01,Santi Cazorla,-52.0,
2025-11-01,Matteo Ruggeri,-52.0,
2025-11-01,Junior Firpo,-52.0,
2025-11-01,Valentín Gómez,-52.0,
2025-11-01,Lucas Ahijado,-51.0,
2025-11-01,Yáser Asprilla,-51.0,
2025-11-01,Dani Raba,-51.0,
2025-11-01,Rodrigo Riquelme,-50.0,
2025-11-01,Arnau Tenas,-50.0,
2025-11-01,Josán Fernández,-49.0,
2025-11-01,Giacomo Raspadori,-49.0,
2025-11-01,Abdel Alhassane,-49.0,
2025-11-01,César Tárrega,-49.0,
2025-11-01,Calebe Gonçalves,-48.0,
2025-11-01,Pablo Campos,-48.0,
2025-11-01,Eric Bailly,-48.0,
2025-11-01,Franco Mastantuono,-48.0,
2025-11-01,Raúl Fernández,-47.0,
2025-11-01,Iker Benito,-47.0,
2025-11-01,Íñigo Lekue,-46.0,
2025-11-01,Urko González,-46.0,
2025-11-01,Javier Rodríguez,-46.0,
2025-11-01,Sergi Cardona,-46.0,
2025-11-01,Nicolas Pépé,-45.0,
2025-11-01,Álvaro Odriozola,-44.0,
2025-11-01,Thomas Partey,-44.0,
2025-11-01,Raphinha,-44.0,
2025-11-01,Williot Swedberg,-42.0,
2025-11-01,Mawuli Mensah,-41.0,
2025-11-01,Óscar Trejo,-41.0,
2025-11-01,Martim Neto,-41.0,
2025-11-01,Abde Rebbach,-40.0,
2025-11-01,Luka Ilic,-39.0,
2025-11-01,Ramón Terrats,-39.0,
2025-11-01,Pedri,-39.0,
2025-11-01,Adrià Altimira,-38.0,
2025-11-01,Sergio Camello,-38.0,
2025-11-01,Pau Cubarsi,-38.0,
2025-11-01,José Copete,-37.0,
2025-11-01,Marc Aguado,-37.0,
2025-11-01,Marcão,-36.0,
2025-11-01,Dani Cárdenas,-35.0,
2025-11-01,David Alaba,-35.0,
2025-11-01,Unai Simón,-35.0,
2025-11-01,Hugo Rincón,-34.0,
2025-11-01,Javi Muñoz,-33.0,
2025-11-01,Tani Oluwaseyi,-33.0,
2025-11-01,Antonio Sivera,-33.0,
2025-11-01,Diego Conde,-32.0,
2025-11-01,Abdel Abqar,-32.0,
2025-11-01,Aitor Ruibal,-32.0,
2025-11-01,Yvan Neyou,-31.0,
2025-11-01,Pacha Espino,-31.0,
2025-11-01,José Luis Morales,-31.0,
2025-11-01,Carlos Soler,-31.0,
2025-11-01,Ovie Ejaria,-30.0,
2025-11-01,Mikel Vesga,-30.0,
2025-11-01,Ramón Martínez,-30.0,
2025-11-01,Jhon Solís,-30.0,
2025-11-01,Robert Lewandowski,-30.0,
2025-11-01,Jones El-Abdellaoui,-29.0,
2025-11-01,Luiz Felipe,-29.0,
2025-11-01,Antonio Rüdiger,-29.0,
2025-11-01,Isco,-29.0,
2025-11-01,Arsen Zakharyan,-28.0,
2025-11-01,Umar Sadiq,-28.0,
2025-11-01,Fran González,-28.0,
2025-11-01,Pablo García,-28.0,
2025-11-01,Jofre Torrents,-27.0,
2025-11-01,Orri Óskarsson,-27.0,
2025-11-01,Allan Nyom,-27.0,
2025-11-01,Bambo Diaby,-27.0,
2025-11-01,Largie Ramazani,-26.0,
2025-11-01,André Almeida,-26.0,
2025-11-01,Unai Elgezabal,-26.0,
2025-11-01,Alejandro Iturbe,-25.0,
2025-11-01,Roger Brugué,-25.0,
2025-11-01,Ezequiel Ávila,-24.0,
2025-11-01,Lucas Beltrán,-24.0,
2025-11-01,Diego Llorente,-24.0,
2025-11-01,Pau López,-24.0,
2025-11-01,Lander Pinillos,-22.0,
2025-11-01,David López,-22.0,
2025-11-01,Ángel Ortiz,-21.0,
2025-11-01,Omar Mascarell,-21.0,
2025-11-01,Marc Domènech,-21.0,
2025-11-01,Hector Fort,-20.0,
2025-11-01,Gonzalo García,-20.0,
2025-11-01,Carl Starfelt,-20.0,
2025-11-01,Álvaro Rodríguez,-20.0,
2025-11-01,Antony Santos,-20.0,
2025-11-01,Abdul Mumin,-19.0,
2025-11-01,Aimar Oroz,-19.0,
2025-11-01,César Azpilicueta,-18.0,
2025-11-01,Randy Nteka,-17.0,
2025-11-01,Grady Diangana,-17.0,
2025-11-01,Damián Rodríguez,-16.0,
2025-11-01,Marc Pubill,-16.0,
2025-11-01,Endrick,-16.0,
2025-11-01,Juanmi Jiménez,-16.0,
2025-11-01,Leo Román,-16.0,
2025-11-01,Fábio Cardoso,-15.0,
2025-11-01,Álvaro Núñez,-15.0,
2025-11-01,Mikel Goti,-14.0,
2025-11-01,Antonio Sánchez,-14.0,
2025-11-01,Ayoze Pérez,-14.0,
2025-11-01,Fede Valverde,-14.0,
2025-11-01,Dominik Livakovic,-13.0,
2025-11-01,Nikola Maraš,-13.0,
2025-11-01,Nahuel Molina,-13.0,
2025-11-01,Pau Navarro,-13.0,
2025-11-01,Cédric Bakambu,-11.0,
2025-11-01,Takuma Asano,-11.0,
2025-11-01,Ilaix Moriba,-11.0,
2025-11-01,Lancinet Kourouma,-10.0,
2025-11-01,Marash Kumbulla,-10.0,
2025-11-01,Sheraldo Becker,-10.0,
2025-11-01,Léo Pétrot,-10.0,
2025-11-01,Jon Ander Olasagasti,-10.0,
2025-11-01,Marko Dmitrović,-10.0,
2025-11-01,Tanguy Nianzou,-9.0,
2025-11-01,Ter Stegen,-9.0,
2025-11-01,Carlos Dominguez,-9.0,
2025-11-01,Thibaut Courtois,-9.0,
2025-11-01,Beñat Prados,-8.0,
2025-11-01,Pichu Cuéllar,-8.0,
2025-11-01,Lamine Yamal,-8.0,
2025-11-01,Álex Sancris,-7.0,
2025-11-01,Vladyslav Krapyvtsov,-7.0,
2025-11-01,Joan Garcia,-7.0,
2025-11-01,Julián Álvarez,-7.0,
2025-11-01,Unai Marrero,-6.0,
2025-11-01,Unai Gómez,-6.0,
2025-11-01,Ander Guevara,-6.0,
2025-11-01,Mariano Díaz,-6.0,
2025-11-01,Adam Boayar,-6.0,
2025-11-01,Victor Muñoz,-6.0,
2025-11-01,Abel Ruiz,-5.0,
2025-11-01,Jon Guridi,-5.0,
2025-11-01,Cristian Portu,-5.0,
2025-11-01,José Salinas,-4.0,
2025-11-01,Ferland Mendy,-4.0,
2025-11-01,Thierry Correia,-4.0,
2025-11-01,Oihan Sancet,-4.0,
2025-11-01,Vinícius Júnior,-4.0,
2025-11-01,Alberto Reina,-3.0,
2025-11-01,Georges Mikautadze,-3.0,
2025-11-01,Mihailo Ristić,-2.0,
2025-11-01,Brandon Domingues,-2.0,
2025-11-01,Nico Williams,-2.0,
2025-11-01,Peque Fernández,-1.0,
2025-11-01,Alfonso Pedraza,-1.0,